,Rate,Open,High,Low,Change %,Year,Interweek change,Weekly articles
2010 52,,,,,,,,15.0
2011 01,3.5804,3.5732,3.5947,3.5621,0.82,2011.0,-0.0034633001899229132,44.0
2011 02,3.568,3.573,3.591,3.5582,0.34,2011.0,0.01681614349775784,50.0
2011 03,3.628,3.617,3.6460000000000004,3.6048,2.0,2011.0,0.012954796030870908,54.0
2011 04,3.675,3.648,3.7176,3.642,1.14,2011.0,0.013061224489796075,37.0
2011 05,3.7230000000000003,3.722,3.753,3.693,0.95,2011.0,-0.011012624227773382,49.0
2011 06,3.682,3.697,3.7184,3.6686,0.46,2011.0,-0.008147745790331395,52.0
2011 07,3.6519999999999997,3.673,3.694,3.642,0.43,2011.0,0.00191675794085433,33.0
2011 08,3.659,3.659,3.667,3.6430000000000002,1.15,2011.0,-0.0065591691719049106,41.0
2011 09,3.635,3.6489999999999996,3.6589,3.616,0.3,2011.0,-0.011829436038514385,35.0
2011 10,3.592,3.6222,3.6289999999999996,3.588,0.48,2011.0,-0.00695991091314041,49.0
2011 11,3.5669999999999997,3.571,3.5980000000000003,3.5501,0.39,2011.0,-0.0019624334174375146,46.0
2011 12,3.56,3.56,3.574,3.5460000000000003,0.4,2011.0,-0.00955056179775271,50.0
2011 13,3.5260000000000002,3.552,3.565,3.5189999999999997,0.0,2011.0,-0.017300056721497592,47.0
2011 14,3.465,3.469,3.477,3.452,0.09,2011.0,-0.006349206349206327,74.0
2011 15,3.443,3.446,3.463,3.426,0.12,2011.0,-0.0023235550392100013,56.0
2011 16,3.435,3.4330000000000003,3.4663,3.425,0.62,2011.0,-0.001164483260553184,31.0
2011 17,3.431,3.42,3.443,3.408,0.32,2011.0,0.007869425823375131,35.0
2011 18,3.458,3.4360000000000004,3.485,3.415,1.68,2011.0,0.018218623481781382,32.0
2011 19,3.5210000000000004,3.4960000000000004,3.5269999999999997,3.48,1.19,2011.0,0.002556092019312617,53.0
2011 20,3.53,3.532,3.5610000000000004,3.51,0.14,2011.0,-0.008781869688385346,74.0
2011 21,3.4989999999999997,3.498,3.542,3.4739999999999998,0.23,2011.0,-0.012860817376393219,72.0
2011 22,3.4539999999999997,3.46,3.4930000000000003,3.4385,0.12,2011.0,-0.013317892298783995,69.0
2011 23,3.408,3.387,3.4193,3.375,0.74,2011.0,0.014377934272300497,51.0
2011 24,3.457,3.455,3.502,3.4316,1.36,2011.0,-0.0038183396008099058,64.0
2011 25,3.4438,3.45,3.472,3.4306,0.58,2011.0,0.0012195830187582413,59.0
2011 26,3.448,3.4419999999999997,3.4912,3.4363,0.2,2011.0,-0.008990719257540691,62.0
2011 27,3.417,3.4126,3.4358,3.3973,0.62,2011.0,0.010535557506584858,64.0
2011 28,3.4530000000000003,3.451,3.4960000000000004,3.425,0.88,2011.0,-0.0017376194613379914,59.0
2011 29,3.447,3.447,3.466,3.428,0.33,2011.0,-0.004641717435451165,52.0
2011 30,3.431,3.429,3.445,3.41,0.5,2011.0,0.0268143398426115,37.0
2011 31,3.523,3.4939999999999998,3.5439999999999996,3.4861,1.24,2011.0,0.01419244961680377,66.0
2011 32,3.573,3.576,3.597,3.54,1.42,2011.0,0.00027987685418406905,43.0
2011 33,3.574,3.5669999999999997,3.595,3.555,0.99,2011.0,0.013710128707330904,106.0
2011 34,3.623,3.623,3.637,3.5989999999999998,0.45,2011.0,-0.005796301407673288,57.0
2011 35,3.602,3.6,3.623,3.565,0.81,2011.0,0.027762354247640175,63.0
2011 36,3.702,3.7030000000000003,3.7241,3.685,1.11,2011.0,0.006753106428957212,82.0
2011 37,3.727,3.7245,3.742,3.7030000000000003,1.03,2011.0,-0.002951435470888053,96.0
2011 38,3.716,3.718,3.734,3.687,0.7,2011.0,0.003767491926802924,91.0
2011 39,3.73,3.728,3.7633,3.7094,0.73,2011.0,0.00857908847184996,49.0
2011 40,3.762,3.763,3.778,3.7373,1.18,2011.0,-0.01860712387028185,62.0
2011 41,3.6919999999999997,3.718,3.7251,3.662,0.33,2011.0,-0.008531960996749688,123.0
2011 42,3.6605,3.6630000000000003,3.6805,3.6325,0.44,2011.0,-0.002595273869689829,139.0
2011 43,3.6510000000000002,3.65,3.679,3.634,0.23,2011.0,0.006299643933168841,79.0
2011 44,3.674,3.668,3.7030000000000003,3.6515,1.08,2011.0,0.016330974414806798,78.0
2011 45,3.734,3.73,3.7489999999999997,3.715,0.98,2011.0,-0.0005356186395286677,55.0
2011 46,3.7319999999999998,3.7310000000000003,3.7560000000000002,3.718,0.24,2011.0,0.016077170418006492,42.0
2011 47,3.792,3.792,3.813,3.766,0.69,2011.0,-0.0011867088607594445,37.0
2011 48,3.7875,3.8089999999999997,3.8139999999999996,3.773,0.2,2011.0,-0.00443564356435644,55.0
2011 49,3.7707,3.7592,3.7905,3.7230000000000003,0.54,2011.0,0.010687670724268683,52.0
2011 50,3.8110000000000004,3.8149,3.821,3.785,0.53,2011.0,-0.002860141695093299,68.0
2011 51,3.8001,3.7994,3.8189,3.775,0.36,2011.0,0.002868345569853492,51.0
2011 52,3.8110000000000004,3.8052,3.8289999999999997,3.7958,0.82,2011.0,0.010495932826029897,47.0
2012 01,3.8510000000000004,3.8496,3.8648,3.8368,0.76,2012.0,-0.0007530511555441377,61.0
2012 02,3.8481,3.8551,3.8671,3.827,0.44,2012.0,0.0014032899352927064,74.0
2012 03,3.8535,3.8555,3.8651,3.83,0.16,2012.0,-0.018917866874270106,81.0
2012 04,3.7806,3.7826,3.8021,3.7655,-0.01,2012.0,-0.007035920224303216,75.0
2012 05,3.7539999999999996,3.7588,3.7769,3.7478,0.18,2012.0,-0.008044752264251276,63.0
2012 06,3.7238,3.7189,3.7439999999999998,3.7060000000000004,0.52,2012.0,0.007841452279929051,59.0
2012 07,3.753,3.7532,3.7832,3.741,0.57,2012.0,0.0053024247268851354,74.0
2012 08,3.7729,3.7575,3.7806,3.7394,0.69,2012.0,0.008030957618807788,70.0
2012 09,3.8032,3.7938,3.8171,3.7817,0.54,2012.0,0.002287547328565509,45.0
2012 10,3.8119,3.8133,3.8237,3.799,0.62,2012.0,-0.006007502820116084,69.0
2012 11,3.7889999999999997,3.7997,3.8076,3.7754,0.49,2012.0,-0.011084718923198733,88.0
2012 12,3.747,3.7481,3.7676,3.7385,0.16,2012.0,-0.0051240992794235884,57.0
2012 13,3.7278,3.7328,3.7439999999999998,3.7184,0.32,2012.0,0.0038092172326842366,59.0
2012 14,3.742,3.742,3.7563,3.7312,0.41,2012.0,0.003661143773383335,65.0
2012 15,3.7557,3.7539999999999996,3.7682,3.7460000000000004,0.4,2012.0,0.0011449263785712205,40.0
2012 16,3.76,3.7635,3.7761,3.7525,0.16,2012.0,-0.00026595744680846245,55.0
2012 17,3.759,3.7573,3.772,3.7513,0.17,2012.0,0.008433093907954214,64.0
2012 18,3.7907,3.7833,3.8015,3.7725,0.43,2012.0,0.007280977128234722,67.0
2012 19,3.8183,3.8181,3.8312,3.8080000000000003,0.32,2012.0,0.004137967158159395,66.0
2012 20,3.8341,3.8357,3.85,3.8209,0.35,2012.0,0.005790146318562339,51.0
2012 21,3.8563,3.8563,3.8681,3.8480000000000003,0.87,2012.0,0.013691880818401003,43.0
2012 22,3.9091,3.9027,3.924,3.8987,0.71,2012.0,-0.0030953416387404786,37.0
2012 23,3.897,3.9055,3.9157,3.88,0.37,2012.0,-0.0039774185270721185,53.0
2012 24,3.8815,3.886,3.8982,3.8749,0.21,2012.0,0.004431276568336973,51.0
2012 25,3.8987,3.8931,3.915,3.8888,0.72,2012.0,0.011773155154282122,71.0
2012 26,3.9446,3.9452,3.9653,3.9354,0.64,2012.0,0.00015210667748322138,43.0
2012 27,3.9452,3.9295,3.9501,3.9227,0.4,2012.0,0.007097232079489091,64.0
2012 28,3.9732,3.9692,3.9858,3.9661,0.29,2012.0,0.010671499043592103,49.0
2012 29,4.0156,4.0155,4.047,3.9991,0.8,2012.0,0.01668492877776684,73.0
2012 30,4.0826,4.084,4.1023,4.0642,0.83,2012.0,-0.009185323078430563,60.0
2012 31,4.0451,4.045,4.0612,4.033,1.55,2012.0,-0.01250896145954361,58.0
2012 32,3.9945,3.9930000000000003,4.0126,3.9903,0.49,2012.0,0.014895481286769208,64.0
2012 33,4.053999999999999,4.0541,4.0721,4.0283,1.49,2012.0,-0.00638875185002441,66.0
2012 34,4.0281,4.0371,4.0382,4.0206,0.21,2012.0,0.0010923264069908623,51.0
2012 35,4.0325,4.0326,4.0502,4.0222,0.34,2012.0,-0.0022318660880346064,64.0
2012 36,4.0235,4.024,4.045,4.0159,0.15,2012.0,-0.014614141916242107,69.0
2012 37,3.9647,3.9653,3.9863,3.9563,0.06,2012.0,-0.015436224682825905,72.0
2012 38,3.9035,3.9035,3.9367,3.8986,0.19,2012.0,0.0041757397207633495,36.0
2012 39,3.9198,3.9081,3.9303,3.9015,0.36,2012.0,-0.001989897443747113,53.0
2012 40,3.912,3.915,3.9328,3.904,0.15,2012.0,-0.010582822085889565,35.0
2012 41,3.8706,3.8705,3.8898,3.8575,0.22,2012.0,-0.0091975404330078,68.0
2012 42,3.835,3.8349,3.8451,3.81,0.61,2012.0,0.009674054758800565,61.0
2012 43,3.8721,3.8686,3.8854,3.8605,0.81,2012.0,0.009787970352005404,72.0
2012 44,3.91,3.9101,3.9182,3.8819999999999997,0.98,2012.0,0.001048593350383653,47.0
2012 45,3.9141,3.9055,3.9195,3.891,0.44,2012.0,0.01604455685853723,53.0
2012 46,3.9769,3.9760000000000004,3.9833,3.95,1.08,2012.0,-0.014131610048027321,225.0
2012 47,3.9207,3.9651,3.9666,3.91,-0.22,2012.0,-0.015150355803810522,172.0
2012 48,3.8613,3.8612,3.8766,3.8454,0.25,2012.0,-0.007872996141195854,76.0
2012 49,3.8309,3.8309,3.8468,3.8235,0.75,2012.0,-0.0016445221749458172,52.0
2012 50,3.8246,3.8265,3.8476,3.8169,0.32,2012.0,-0.012681064686503207,61.0
2012 51,3.7761,3.7941,3.8091,3.7739999999999996,0.13,2012.0,-0.0077063637085882375,41.0
2012 52,3.747,3.7512,3.7632,3.7415,0.24,2012.0,0.008620229516946853,47.0
2013 01,3.7793,3.765,3.7931,3.7508,1.16,2013.0,0.0,45.0
2013 02,3.7793,3.7792,3.7981,3.7627,0.15,2013.0,-0.01338872277935077,31.0
2013 03,3.7287,3.7417,3.7449,3.7195,0.24,2013.0,0.0016359589132941554,34.0
2013 04,3.7348,3.7305,3.7539999999999996,3.7259,0.16,2013.0,-0.0014190853593231134,42.0
2013 05,3.7295,3.7296,3.7461,3.721,0.27,2013.0,-0.008714304866604072,79.0
2013 06,3.697,3.6975,3.7061,3.6834,0.54,2013.0,-0.0008926156342979885,66.0
2013 07,3.6937,3.6944,3.713,3.687,0.18,2013.0,0.0038714568048299203,78.0
2013 08,3.708,3.7006,3.7231,3.6916,0.65,2013.0,0.005960086299892087,73.0
2013 09,3.7301,3.7314,3.7421,3.7208,0.53,2013.0,0.002144714618911081,77.0
2013 10,3.7381,3.7392,3.7437,3.7259,0.45,2013.0,-0.0109948904523689,85.0
2013 11,3.697,3.6971,3.7136,3.685,0.41,2013.0,-0.0018934271030565109,108.0
2013 12,3.69,3.6901,3.7091,3.6779,0.12,2013.0,-0.0119241192411923,76.0
2013 13,3.6460000000000004,3.6605,3.6605,3.633,0.48,2013.0,-0.0016182117388920947,36.0
2013 14,3.6401,3.6445,3.6586,3.6335,0.32,2013.0,0.00024724595478153866,43.0
2013 15,3.641,3.641,3.6506,3.6215,0.37,2013.0,5.492996429556918e-05,42.0
2013 16,3.6412,3.6414,3.6468,3.6212,0.57,2013.0,-0.0034878611446775842,39.0
2013 17,3.6285,3.6344,3.6386,3.62,-0.1,2013.0,-0.011354554223508284,45.0
2013 18,3.5873,3.609,3.611,3.5810000000000004,-0.03,2013.0,-0.004237170016446967,82.0
2013 19,3.5721,3.5669999999999997,3.5860000000000003,3.5580000000000003,0.5,2013.0,0.026986926457825966,60.0
2013 20,3.6685,3.6566,3.68,3.637,1.27,2013.0,0.010576529916859867,46.0
2013 21,3.7073,3.7112,3.7186,3.6919999999999997,1.28,2013.0,0.0020500094408328895,57.0
2013 22,3.7149,3.7149,3.7244,3.6978,0.44,2013.0,-0.01281326549839834,62.0
2013 23,3.6673,3.6862,3.7008,3.66,0.13,2013.0,-0.008153137185395232,50.0
2013 24,3.6374,3.6373,3.6621,3.6221,0.67,2013.0,0.002776708638038139,45.0
2013 25,3.6475,3.638,3.6538,3.6235,0.76,2013.0,-0.0025771076079506017,55.0
2013 26,3.6381,3.6409,3.6591,3.6176,0.86,2013.0,0.003958110002473703,52.0
2013 27,3.6525,3.6430000000000002,3.6687,3.6378,0.25,2013.0,0.001916495550992492,40.0
2013 28,3.6595,3.6636,3.6738,3.6463,0.19,2013.0,-0.021259734936466712,63.0
2013 29,3.5817,3.6022,3.6094,3.5749,0.45,2013.0,0.002066058017142769,94.0
2013 30,3.5891,3.5809,3.602,3.571,0.25,2013.0,-0.0025633167089242903,52.0
2013 31,3.5799,3.5948,3.6046,3.5641,0.18,2013.0,-0.007737646302969359,55.0
2013 32,3.5522,3.5669999999999997,3.574,3.551,0.16,2013.0,0.005010979111536473,36.0
2013 33,3.57,3.5652,3.585,3.554,0.35,2013.0,0.005854341736694746,43.0
2013 34,3.5909,3.5933,3.6106,3.5856,0.71,2013.0,0.01899245314545106,41.0
2013 35,3.6591,3.659,3.6826,3.6494,1.15,2013.0,-0.0011204941105736888,49.0
2013 36,3.655,3.6538,3.6662,3.638,0.89,2013.0,-0.01343365253077966,30.0
2013 37,3.6059,3.6485,3.65,3.5995,-0.14,2013.0,-0.019246235336531803,50.0
2013 38,3.5365,3.5461,3.5475,3.531,0.53,2013.0,0.009642301710730994,45.0
2013 39,3.5706,3.5705,3.5765,3.551,0.67,2013.0,-0.005181202038873178,41.0
2013 40,3.5521,3.5602,3.5602,3.54,0.26,2013.0,0.00411024464401355,54.0
2013 41,3.5667,3.5639999999999996,3.5755,3.5546,0.2,2013.0,-0.003953234081924495,37.0
2013 42,3.5526,3.5525,3.5639,3.5416,0.61,2013.0,-0.004785227720542684,44.0
2013 43,3.5356,3.5357,3.5468,3.5189999999999997,0.24,2013.0,0.00028283742504808806,65.0
2013 44,3.5366,3.5269999999999997,3.5454,3.5225,0.3,2013.0,0.00011310298026345755,75.0
2013 45,3.537,3.5359,3.5528,3.5269999999999997,0.22,2013.0,-0.0009329940627650357,58.0
2013 46,3.5337,3.5418,3.5438,3.5282,0.07,2013.0,0.008602880833121107,68.0
2013 47,3.5641,3.5639999999999996,3.5796,3.556,1.09,2013.0,-0.005639572402570181,53.0
2013 48,3.5439999999999996,3.56,3.5729,3.5439999999999996,0.05,2013.0,-0.004881489841986331,43.0
2013 49,3.5267,3.5236,3.54,3.5182,0.09,2013.0,-0.003884651373805559,64.0
2013 50,3.513,3.5131,3.5229,3.4964,0.54,2013.0,0.000426985482493647,35.0
2013 51,3.5145,3.5146,3.5277,3.508,0.2,2013.0,-0.004182671788305559,36.0
2013 52,3.4998,3.5135,3.5185,3.485,0.1,2013.0,0.0020286873535630967,67.0
2014 01,3.5069,3.4897,3.512,3.485,0.54,2014.0,5.7030425732129686e-05,56.0
2014 02,3.5071,3.5069999999999997,3.5195,3.497,0.17,2014.0,-0.003079467366199906,53.0
2014 03,3.4963,3.49,3.503,3.4836,0.18,2014.0,-8.580499385058005e-05,67.0
2014 04,3.4960000000000004,3.4926,3.5044,3.4842,0.35,2014.0,0.0056922196796336255,38.0
2014 05,3.5159,3.4971,3.5265,3.489,0.6,2014.0,0.006342614977672856,54.0
2014 06,3.5382,3.5383,3.5539,3.533,0.33,2014.0,-0.005398225086202024,49.0
2014 07,3.5191,3.5278,3.5372,3.5180000000000002,0.11,2014.0,-0.0023017248728367523,47.0
2014 08,3.511,3.511,3.5241,3.505,0.13,2014.0,0.0020222158929079637,38.0
2014 09,3.5181,3.522,3.5316,3.513,0.43,2014.0,-0.007958841420084739,51.0
2014 10,3.4901,3.4930000000000003,3.5,3.485,0.08,2014.0,-0.003151772155525645,73.0
2014 11,3.4791,3.4789999999999996,3.486,3.4654,0.3,2014.0,0.001322181023827973,88.0
2014 12,3.4837,3.4771,3.4898,3.471,0.43,2014.0,0.004650228205643314,59.0
2014 13,3.4999,3.5,3.5158,3.489,0.36,2014.0,-0.004571559187405261,67.0
2014 14,3.4839,3.5005,3.5010000000000003,3.4838,0.09,2014.0,0.000315738109589736,55.0
2014 15,3.485,3.4859,3.5001,3.4739999999999998,0.18,2014.0,-0.0016355810616929256,69.0
2014 16,3.4793,3.4788,3.4857,3.47,0.25,2014.0,0.0025867272152444443,36.0
2014 17,3.4883,3.4883,3.4952,3.478,0.26,2014.0,-0.003182065762692532,49.0
2014 18,3.4772,3.4752,3.4873,3.4679,0.08,2014.0,-0.0052916139422523045,68.0
2014 19,3.4588,3.457,3.4674,3.45,0.32,2014.0,0.0006938822713078441,66.0
2014 20,3.4612,3.4612,3.4707,3.4527,0.25,2014.0,0.009043106437073956,57.0
2014 21,3.4925,3.4885,3.5014,3.48,0.78,2014.0,-0.0030350751610594973,52.0
2014 22,3.4819,3.4881,3.4965,3.477,0.08,2014.0,-0.0010339182630173527,52.0
2014 23,3.4783,3.4783,3.4881,3.4721,0.18,2014.0,-0.0036799586004657714,48.0
2014 24,3.4655,3.4655,3.4832,3.4565,0.19,2014.0,-0.001991054681864113,106.0
2014 25,3.4586,3.4586,3.4683,3.4488,0.14,2014.0,-0.00514659110622806,114.0
2014 26,3.4408,3.4463,3.4606,3.4386,0.16,2014.0,-0.0026447337828411355,91.0
2014 27,3.4317,3.4318,3.4443,3.424,0.35,2014.0,0.0002622606871229838,98.0
2014 28,3.4326,3.4327,3.449,3.425,0.32,2014.0,2.9132436054402078e-05,204.0
2014 29,3.4327,3.4339999999999997,3.4424,3.418,0.52,2014.0,-0.0033501325487226286,189.0
2014 30,3.4212,3.4277,3.4309,3.4168,0.21,2014.0,0.0025429673798667007,217.0
2014 31,3.4299,3.4307,3.4404,3.4247,0.15,2014.0,0.013528091197994252,208.0
2014 32,3.4763,3.4724,3.4838,3.4596,1.15,2014.0,0.004142335241492212,170.0
2014 33,3.4907,3.4891,3.5,3.4819999999999998,0.7,2014.0,0.014581602543902283,94.0
2014 34,3.5416,3.5396,3.551,3.517,0.68,2014.0,0.009317822453128732,136.0
2014 35,3.5746,3.5701,3.5918,3.5639999999999996,0.85,2014.0,0.009371677949980395,83.0
2014 36,3.6081,3.603,3.6155,3.5977,0.69,2014.0,0.006679415758986895,50.0
2014 37,3.6322,3.6299,3.6425,3.6258,0.56,2014.0,0.00677275480425088,58.0
2014 38,3.6568,3.6556,3.6641,3.6379,0.38,2014.0,0.005660686939400694,61.0
2014 39,3.6775,3.6776,3.6854,3.6689999999999996,0.26,2014.0,0.004078857919782353,52.0
2014 40,3.6925,3.6821,3.7005,3.6763,0.79,2014.0,0.00937034529451597,66.0
2014 41,3.7271,3.7176,3.7418,3.702,1.04,2014.0,0.0020659493976549204,39.0
2014 42,3.7348,3.7328,3.7585,3.7215,0.91,2014.0,0.012048837956517122,39.0
2014 43,3.7798,3.7736,3.8011,3.773,0.53,2014.0,0.004285941055082398,67.0
2014 44,3.7960000000000003,3.781,3.8101,3.763,0.77,2014.0,0.0036880927291884635,85.0
2014 45,3.81,3.8083,3.8217,3.7922,0.41,2014.0,0.0007086614173228423,74.0
2014 46,3.8127,3.8144,3.8303,3.805,0.09,2014.0,0.011487921945078305,77.0
2014 47,3.8565,3.8451,3.8654,3.832,0.52,2014.0,0.009464540386360687,85.0
2014 48,3.8930000000000002,3.8931,3.9033,3.8797,0.54,2014.0,0.023272540457230928,64.0
2014 49,3.9836,3.9789999999999996,4.0033,3.9733,1.36,2014.0,-0.004995481474043606,101.0
2014 50,3.9637,3.9848,3.9992,3.9559,0.13,2014.0,-0.006130635517319627,92.0
2014 51,3.9394,3.9386,3.9531,3.9245,0.79,2014.0,-0.0011169213585825455,85.0
2014 52,3.935,3.9345,3.94,3.9085,0.69,2014.0,0.0002541296060991627,86.0
2015 01,3.9360000000000004,3.9161,3.9387,3.8997,1.08,2015.0,0.007901422764227561,109.0
2015 02,3.9671,3.9667,3.9842,3.9488,0.46,2015.0,-0.006100173930579045,82.0
2015 03,3.9429,3.944,3.9619999999999997,3.927,0.68,2015.0,0.016586776230693268,96.0
2015 04,4.0083,3.9544,4.0145,3.9475,1.39,2015.0,-0.005064491180799879,118.0
2015 05,3.988,4.0151,4.0196,3.9855,-0.07,2015.0,-0.014694082246740292,121.0
2015 06,3.9294,3.94,3.946,3.9235,1.01,2015.0,-0.010408713798544245,76.0
2015 07,3.8885,3.8891,3.9111,3.875,0.42,2015.0,-0.0037289443230038577,94.0
2015 08,3.8739999999999997,3.8891,3.924,3.8548,0.25,2015.0,0.029168817759421817,103.0
2015 09,3.987,3.9624,4.0008,3.9479,1.54,2015.0,0.009781790820165392,88.0
2015 10,4.026,3.9971,4.0406,3.9885,0.82,2015.0,0.005216095380029762,97.0
2015 11,4.047,4.046,4.0588,4.025,1.09,2015.0,-4.941932295521312e-05,86.0
2015 12,4.0468,4.0398,4.0703,4.032,1.45,2015.0,-0.01999110408223781,124.0
2015 13,3.9659,4.053999999999999,4.0569999999999995,3.9565,0.63,2015.0,0.0032275145616378342,54.0
2015 14,3.9787,3.978,3.9855,3.958,0.29,2015.0,0.0035690049513661393,49.0
2015 15,3.9929,3.9579,3.9949,3.9547,0.89,2015.0,0.00045080017030230124,35.0
2015 16,3.9947,3.9942,4.0235,3.9735,0.05,2015.0,-0.012516584474428605,49.0
2015 17,3.9447,3.9446,3.9619,3.9367,0.68,2015.0,-0.014044160519177673,67.0
2015 18,3.8893,3.9099,3.943,3.884,0.62,2015.0,-0.0021854832489137666,42.0
2015 19,3.8808,3.8845,3.8945,3.87,0.26,2015.0,-0.004689754689754633,57.0
2015 20,3.8626,3.8645,3.8802,3.8545,0.06,2015.0,0.00616165277274372,72.0
2015 21,3.8864,3.8773,3.8982,3.861,0.95,2015.0,-0.0008748456154796802,42.0
2015 22,3.883,3.8877,3.9085,3.867,0.23,2015.0,-0.0028328611898017497,42.0
2015 23,3.872,3.8735,3.8833,3.8541,0.74,2015.0,-0.006921487603305687,65.0
2015 24,3.8452,3.8569999999999998,3.883,3.8326,0.53,2015.0,-0.0022625611151565472,67.0
2015 25,3.8365,3.844,3.863,3.8308,0.32,2015.0,-0.011390590381858412,59.0
2015 26,3.7928,3.8239,3.8394,3.7715,0.81,2015.0,-0.0021883568867328007,57.0
2015 27,3.7845,3.7903,3.8213,3.7666,0.38,2015.0,0.0015589906196327163,66.0
2015 28,3.7904,3.7862,3.8069,3.7785,0.53,2015.0,0.008495145631068013,58.0
2015 29,3.8226,3.7952,3.8243,3.7856,0.73,2015.0,0.0011510490242243598,68.0
2015 30,3.827,3.8311,3.8416,3.812,0.57,2015.0,-0.011575646720668908,56.0
2015 31,3.7827,3.8191,3.8224,3.7762,0.22,2015.0,0.008591746636000597,70.0
2015 32,3.8152,3.8185,3.8304,3.7957,0.73,2015.0,-0.000288320402600184,78.0
2015 33,3.8141,3.8134,3.826,3.8033,0.4,2015.0,0.01596706955769389,50.0
2015 34,3.875,3.8742,3.9064,3.8628,1.42,2015.0,0.01625806451612899,57.0
2015 35,3.938,3.928,3.9499,3.9099,2.06,2015.0,-0.0027171152869477355,26.0
2015 36,3.9273,3.9303,3.9532,3.9212,0.06,2015.0,0.001960634532630623,51.0
2015 37,3.935,3.9355,3.9404,3.9238,0.28,2015.0,-0.008259212198221122,43.0
2015 38,3.9025,3.8882,3.9157,3.8684,0.8,2015.0,0.0121716848174247,57.0
2015 39,3.95,3.952,3.9647,3.9303,0.8,2015.0,-0.004227848101265863,37.0
2015 40,3.9333,3.9383,3.9463,3.9229,0.28,2015.0,-0.01350011440774923,59.0
2015 41,3.8802,3.9186,3.9223,3.8588,-0.03,2015.0,-0.003917323849286003,108.0
2015 42,3.865,3.865,3.888,3.8399,0.8,2015.0,0.00817593790426896,120.0
2015 43,3.8966,3.8817,3.9013,3.872,0.55,2015.0,0.00010265359544225916,111.0
2015 44,3.897,3.898,3.9034,3.8636,0.61,2015.0,0.007723890171927206,64.0
2015 45,3.9271,3.887,3.9292,3.8778,1.03,2015.0,-0.0024190878765499857,72.0
2015 46,3.9176,3.9266,3.9316,3.909,0.3,2015.0,-0.002093118235654501,79.0
2015 47,3.9094,3.9111,3.9206,3.8953,0.46,2015.0,-0.0064971606896199185,65.0
2015 48,3.884,3.8872,3.9043,3.8786,0.42,2015.0,-0.0004119464469618528,69.0
2015 49,3.8824,3.8857,3.8945,3.8675,0.23,2015.0,-0.0038120750051514607,67.0
2015 50,3.8676,3.8661,3.8923,3.8569999999999998,1.03,2015.0,0.008377288240769554,62.0
2015 51,3.9,3.8949,3.9134,3.8848,0.47,2015.0,-0.0020256410256409563,85.0
2015 52,3.8921,3.8965,3.9107,3.886,0.26,2015.0,0.0034942575987255697,74.0
2015 53,3.9057,3.903,3.9187,3.892,0.38,2016.0,0.010036613155132379,79.0
2016 01,3.9449,3.9438,3.9571,3.925,0.5,2016.0,0.004790995969479628,60.0
2016 02,3.9638,3.9415,3.9687,3.9388,0.52,2016.0,0.005045663252434496,54.0
2016 03,3.9838,3.972,3.9928,3.9665,0.38,2016.0,-0.0023093528791605644,60.0
2016 04,3.9746,3.9831,3.989,3.9592,0.31,2016.0,-0.0025411362149649896,76.0
2016 05,3.9645,3.9648,3.9755,3.949,0.22,2016.0,-0.01795938958254517,58.0
2016 06,3.8933,3.8925,3.9,3.8783,0.28,2016.0,0.005059974828551583,57.0
2016 07,3.9130000000000003,3.9123,3.9251,3.9084,0.24,2016.0,0.0009455660618451489,42.0
2016 08,3.9167,3.9148,3.932,3.9062,0.29,2016.0,-0.001199989787320943,50.0
2016 09,3.912,3.9112,3.9205,3.8937,0.62,2016.0,0.0003323108384458706,48.0
2016 10,3.9133,3.9159,3.9214,3.9031,0.14,2016.0,-0.005212991592773331,74.0
2016 11,3.8929,3.8972,3.9066,3.8812,0.25,2016.0,-0.009196229032340963,63.0
2016 12,3.8571,3.8529,3.8623,3.8441,0.15,2016.0,-0.007881569054470905,49.0
2016 13,3.8267,3.8387,3.8492,3.8247,0.71,2016.0,-0.002952935950035318,54.0
2016 14,3.8154,3.8171,3.823,3.7906,0.85,2016.0,-0.007731823662001425,49.0
2016 15,3.7859,3.7871,3.7948,3.7710000000000004,0.32,2016.0,-0.0033281386196148954,59.0
2016 16,3.7733,3.78,3.7835,3.7665,0.24,2016.0,-0.0028622160973152955,64.0
2016 17,3.7625,3.775,3.781,3.76,0.26,2016.0,0.007335548172757278,20.0
2016 18,3.7901,3.7899,3.802,3.778,0.76,2016.0,-0.0015566871586502051,51.0
2016 19,3.7842,3.7912,3.7947,3.7725,0.46,2016.0,0.025368638021246337,53.0
2016 20,3.8802,3.866,3.8943,3.8586,0.99,2016.0,-0.004175042523581252,99.0
2016 21,3.864,3.8802,3.8876,3.8623,0.39,2016.0,-0.0007246376811593791,76.0
2016 22,3.8612,3.8636,3.8817,3.8444,0.26,2016.0,-0.0016057184295038551,68.0
2016 23,3.855,3.8438,3.8701,3.83,0.52,2016.0,0.006070038910505948,77.0
2016 24,3.8784,3.8807,3.889,3.8573,0.47,2016.0,0.0009024339933993986,60.0
2016 25,3.8819,3.8645,3.9175,3.8505,1.76,2016.0,0.0010819444086658248,63.0
2016 26,3.8861,3.9015,3.9160000000000004,3.8810000000000002,0.12,2016.0,0.001852757263065774,85.0
2016 27,3.8933,3.8936,3.9051,3.8773,1.07,2016.0,-0.0024400893843269378,65.0
2016 28,3.8838,3.8845,3.8875,3.8725,0.51,2016.0,-0.006591482568618301,50.0
2016 29,3.8582,3.8608,3.8735,3.8524,0.07,2016.0,-0.0035249598258255688,54.0
2016 30,3.8446,3.843,3.8525,3.8339999999999996,0.03,2016.0,-0.0026270613327784575,56.0
2016 31,3.8345,3.8247,3.8462,3.822,0.39,2016.0,-0.003964010953188102,60.0
2016 32,3.8193,3.8298,3.8397,3.8163,0.07,2016.0,-0.0058649490744377974,28.0
2016 33,3.7969,3.8026,3.8182,3.7901,0.21,2016.0,-0.005241117753957192,40.0
2016 34,3.7769999999999997,3.78,3.7854,3.765,0.43,2016.0,0.004236166269526276,41.0
2016 35,3.793,3.7929,3.7995,3.775,0.29,2016.0,-0.007540205641971998,52.0
2016 36,3.7644,3.7588,3.7753,3.7525,0.2,2016.0,0.0060833067686749676,38.0
2016 37,3.7873,3.7837,3.7923,3.7801,0.49,2016.0,-0.0022971510046735366,77.0
2016 38,3.7786,3.7804,3.7899,3.7674,0.1,2016.0,-0.0064574180913565815,55.0
2016 39,3.7542,3.7596,3.7725,3.745,0.17,2016.0,0.010708007032123934,33.0
2016 40,3.7944,3.7881,3.8062,3.7835,0.45,2016.0,0.006720430107526987,51.0
2016 41,3.8199,3.8155,3.8272,3.8022,0.43,2016.0,0.010131155265844738,37.0
2016 42,3.8586,3.844,3.8668,3.839,0.32,2016.0,0.0002591613538589499,38.0
2016 43,3.8596,3.8582,3.8689,3.8529,0.17,2016.0,-0.006425536325007752,53.0
2016 44,3.8348,3.8478,3.8561,3.8302,-0.01,2016.0,0.0011995410451652866,48.0
2016 45,3.8394,3.838,3.8560000000000003,3.8280000000000003,0.65,2016.0,0.011772672813460394,55.0
2016 46,3.8846,3.8698,3.8897,3.864,0.47,2016.0,-0.0029861504401996752,60.0
2016 47,3.873,3.8847,3.887,3.865,0.13,2016.0,-0.007926671830622345,41.0
2016 48,3.8423,3.8689999999999998,3.8721,3.835,0.03,2016.0,-0.003383390156937227,48.0
2016 49,3.8293,3.823,3.8394,3.8103,0.53,2016.0,0.012456584754393818,60.0
2016 50,3.877,3.8538,3.8859,3.8429,0.68,2016.0,-0.003559453185452588,57.0
2016 51,3.8632,3.8679,3.8746,3.855,0.24,2016.0,-0.0018378546282874497,88.0
2016 52,3.8561,3.8548,3.8760000000000003,3.8373,0.61,2016.0,0.0025673608049583407,55.0
2017 01,3.866,3.863,3.8828,3.846,0.36,2017.0,-0.005043973098810217,50.0
2017 02,3.8465,3.845,3.8633,3.8401,0.08,2017.0,-0.004081632653061162,58.0
2017 03,3.8308,3.8324,3.8341,3.8138,0.31,2017.0,-0.010311162159340026,55.0
2017 04,3.7913,3.8089999999999997,3.81,3.784,0.2,2017.0,-0.00429931685701479,74.0
2017 05,3.775,3.7785,3.7889,3.7659,0.16,2017.0,-0.00516556291390724,72.0
2017 06,3.7555,3.7518,3.763,3.7430000000000003,0.35,2017.0,-0.001384635867394457,66.0
2017 07,3.7503,3.7532,3.7609,3.7429,-0.08,2017.0,-0.009679225661947122,50.0
2017 08,3.714,3.7089999999999996,3.72,3.6988,0.19,2017.0,-0.004684975767366706,53.0
2017 09,3.6966,3.6973,3.7084,3.6894,0.92,2017.0,-0.0015690093599524113,75.0
2017 10,3.6908,3.7022,3.7043,3.6818,0.37,2017.0,-0.006583938441530268,59.0
2017 11,3.6665,3.6705,3.6766,3.6576,0.16,2017.0,-0.004391108686758516,72.0
2017 12,3.6504,3.653,3.6668,3.6384,0.34,2017.0,-0.005232303309226305,66.0
2017 13,3.6313,3.638,3.6404,3.622,0.37,2017.0,0.00652658827417163,64.0
2017 14,3.655,3.6527,3.6616,3.6460000000000004,0.48,2017.0,0.0020519835841315004,44.0
2017 15,3.6625,3.6627,3.6705,3.6546,0.58,2017.0,0.0025938566552901055,24.0
2017 16,3.6719999999999997,3.6708,3.6896,3.667,0.2,2017.0,-0.005991285403050051,54.0
2017 17,3.65,3.6776,3.6776,3.6406,-0.04,2017.0,-0.008410958904109589,59.0
2017 18,3.6193,3.6203,3.6284,3.6126,0.35,2017.0,-0.0028182245185532917,59.0
2017 19,3.6091,3.6096,3.6189999999999998,3.6010000000000004,0.31,2017.0,0.00022166191017158887,51.0
2017 20,3.6099,3.608,3.6217,3.5944,0.31,2017.0,-0.004903182913654103,79.0
2017 21,3.5922,3.5884,3.6006,3.5810000000000004,0.32,2017.0,-0.008100885251377976,82.0
2017 22,3.5631,3.5762,3.5829,3.5580000000000003,0.42,2017.0,-0.005641155173865431,45.0
2017 23,3.543,3.549,3.5568,3.543,0.13,2017.0,-0.00031047135196160536,37.0
2017 24,3.5419,3.5407,3.5469999999999997,3.5231,0.3,2017.0,0.0014399051356615011,67.0
2017 25,3.5469999999999997,3.5463,3.5559,3.5384,0.39,2017.0,-0.006963631237665524,72.0
2017 26,3.5223,3.5375,3.5456,3.5188,-0.04,2017.0,0.004911563467052904,55.0
2017 27,3.5396,3.5249,3.5446,3.52,0.55,2017.0,0.006978189625946429,76.0
2017 28,3.5643,3.563,3.5803,3.5453,0.47,2017.0,0.003759503969924083,78.0
2017 29,3.5777,3.5753,3.5935,3.5625,0.62,2017.0,-0.0008385275456298524,80.0
2017 30,3.5747,3.5749,3.5979,3.5639,0.25,2017.0,0.016532855903991894,84.0
2017 31,3.6338,3.6015,3.6408,3.5989999999999998,0.95,2017.0,-0.00514612802025427,52.0
2017 32,3.6151,3.6292,3.6326,3.6126,-0.03,2017.0,0.0025448811927746284,51.0
2017 33,3.6243,3.6239999999999997,3.6332,3.6154,0.93,2017.0,-0.0015451259553568297,37.0
2017 34,3.6187,3.622,3.6285,3.6148,0.05,2017.0,-0.007212534888219491,31.0
2017 35,3.5926,3.5913,3.6004,3.5798,0.56,2017.0,-0.005427823860156944,49.0
2017 36,3.5731,3.5748,3.5859,3.5712,0.0,2017.0,-0.008340096834681399,45.0
2017 37,3.5433,3.5423,3.5513,3.5328,0.59,2017.0,-0.004910676488019572,52.0
2017 38,3.5259,3.5257,3.5335,3.5186,0.13,2017.0,0.004679656257976728,25.0
2017 39,3.5424,3.5419,3.549,3.5251,0.73,2017.0,-0.0013832429990966455,57.0
2017 40,3.5375,3.5371,3.5536,3.53,0.3,2017.0,-0.007462897526501866,27.0
2017 41,3.5111,3.517,3.5271,3.5057,0.32,2017.0,0.0001424055139416236,45.0
2017 42,3.5116,3.5101,3.5203,3.4981,0.48,2017.0,0.00629342749743711,70.0
2017 43,3.5337,3.5263,3.549,3.5248,0.56,2017.0,-0.002631802360132496,69.0
2017 44,3.5244,3.5369,3.537,3.5207,0.09,2017.0,0.00683804335489735,59.0
2017 45,3.5485,3.5239999999999996,3.5506,3.5225,0.65,2017.0,-0.00152176976187135,61.0
2017 46,3.5431,3.5486,3.5537,3.5380000000000003,-0.11,2017.0,-0.007563997629194685,72.0
2017 47,3.5163,3.5159,3.53,3.513,0.09,2017.0,-0.001564144128771705,75.0
2017 48,3.5108,3.5107,3.5121,3.4982,0.31,2017.0,0.003418024381907303,94.0
2017 49,3.5228,3.5156,3.5284,3.5116,0.5,2017.0,0.0068411490859543456,104.0
2017 50,3.5469,3.5465,3.5528,3.5271,0.47,2017.0,-0.011756745326905182,83.0
2017 51,3.5052,3.5206,3.5206,3.5013,-0.08,2017.0,-0.0044220015976262905,75.0
2017 52,3.4897,3.4891,3.5023,3.4825,0.31,2017.0,-0.005616528641430474,65.0
2018 01,3.4701,3.4767,3.4767,3.47,-0.05,2018.0,-0.006426327771533957,79.0
2018 02,3.4478,3.4469,3.4552,3.4387,0.44,2018.0,-0.001508208132722233,83.0
2018 03,3.4426,3.4419,3.4583,3.4289,0.89,2018.0,-0.007959100679718834,92.0
2018 04,3.4152,3.4160000000000004,3.4258,3.4134,-0.02,2018.0,0.01016045912391661,73.0
2018 05,3.4499,3.428,3.4529,3.4257,0.57,2018.0,0.019594770862923605,80.0
2018 06,3.5175,3.5151,3.5389999999999997,3.5065,0.73,2018.0,0.008528784648187626,87.0
2018 07,3.5475,3.5356,3.5516,3.5264,0.43,2018.0,-0.011303735024665196,74.0
2018 08,3.5074,3.5459,3.5469,3.5033,-0.07,2018.0,-0.006785653190397478,76.0
2018 09,3.4836,3.4859,3.4956,3.4819,0.02,2018.0,-0.00508095074061321,67.0
2018 10,3.4659,3.466,3.4775,3.4543,0.7,2018.0,-0.002423612914394524,81.0
2018 11,3.4575,3.4501,3.4625,3.4482,0.45,2018.0,0.007924801156905303,74.0
2018 12,3.4849,3.4826,3.5048,3.4773,0.46,2018.0,0.006284254928405453,80.0
2018 13,3.5068,3.5069999999999997,3.5187,3.4988,0.5,2018.0,0.008497775749971348,85.0
2018 14,3.5366,3.5397,3.5481,3.5247,1.04,2018.0,-0.0048351524062659745,81.0
2018 15,3.5195,3.5355,3.5355,3.5161,0.23,2018.0,0.002898138940190531,86.0
2018 16,3.5297,3.529,3.537,3.5162,0.32,2018.0,0.016516984446270255,61.0
2018 17,3.588,3.5916,3.5983,3.5813,0.63,2018.0,0.009921962095875259,50.0
2018 18,3.6236,3.6222,3.6352,3.6109,0.42,2018.0,-0.0014626338447952802,81.0
2018 19,3.6183,3.6166,3.6288,3.6048,0.34,2018.0,-0.005361633916480146,93.0
2018 20,3.5989,3.5988,3.6085,3.5865,0.48,2018.0,-0.007307788490927836,80.0
2018 21,3.5726,3.5945,3.6060000000000003,3.5726,0.31,2018.0,0.005402228069193216,88.0
2018 22,3.5919,3.5926,3.6043,3.5717,0.5,2018.0,-0.005762966675018744,114.0
2018 23,3.5712,3.5711,3.5815,3.5651,0.24,2018.0,0.014952956989247257,65.0
2018 24,3.6246,3.6173,3.6409,3.6027,0.72,2018.0,0.004579815703801726,80.0
2018 25,3.6412,3.6411,3.6543,3.6286,0.46,2018.0,0.004229374931341345,85.0
2018 26,3.6566,3.6553,3.6629,3.6458,0.5,2018.0,0.0017776076136302166,79.0
2018 27,3.6631,3.6611,3.6771,3.6573,0.18,2018.0,-0.0038764980481014177,68.0
2018 28,3.6489,3.6487,3.6559,3.6361,0.46,2018.0,-0.0010688152593931743,76.0
2018 29,3.645,3.6433,3.6616,3.6343,0.2,2018.0,0.0018381344307270009,101.0
2018 30,3.6517,3.6495,3.6766,3.6489999999999996,0.5,2018.0,0.01043349672755145,103.0
2018 31,3.6898,3.6915,3.7079,3.688,0.38,2018.0,0.007046452382243107,84.0
2018 32,3.7158,3.7052,3.7238,3.6889999999999996,0.69,2018.0,-0.006243608375047116,81.0
2018 33,3.6926,3.7151,3.7233,3.6921,0.02,2018.0,-0.01034501435303048,70.0
2018 34,3.6544,3.6648,3.6751,3.6538,0.47,2018.0,-0.007525175131348427,45.0
2018 35,3.6269,3.627,3.6443,3.6202,0.21,2018.0,-0.002839890815848234,41.0
2018 36,3.6166,3.6171,3.6299,3.6096,0.25,2018.0,-0.009539346347398059,72.0
2018 37,3.5821,3.585,3.5926,3.5811,0.37,2018.0,0.0018704112113006044,42.0
2018 38,3.5888,3.5891,3.5927,3.576,0.19,2018.0,0.013653588943379313,71.0
2018 39,3.6378,3.6077,3.6444,3.6063,0.86,2018.0,0.0028588707460552865,54.0
2018 40,3.6482,3.6474,3.6561,3.6356,0.3,2018.0,-0.0012883065621402956,62.0
2018 41,3.6435,3.6429,3.6559,3.6349,0.51,2018.0,0.005077535336901251,67.0
2018 42,3.662,3.6616,3.6694,3.6547,0.61,2018.0,0.00917531403604599,90.0
2018 43,3.6956,3.6948,3.7076,3.6922,0.37,2018.0,0.006385972507847004,80.0
2018 44,3.7192,3.7184,3.7301,3.7056,0.44,2018.0,-0.008066250806625042,81.0
2018 45,3.6892,3.6928,3.7035,3.6862,0.46,2018.0,0.005529654125555616,72.0
2018 46,3.7096,3.7069,3.721,3.698,0.59,2018.0,0.007979296959240934,125.0
2018 47,3.7392,3.7392,3.7467,3.73,0.81,2018.0,-0.0009360290971330842,73.0
2018 48,3.7357,3.7365,3.7412,3.7166,0.56,2018.0,0.0005889123858981993,61.0
2018 49,3.7379,3.7389,3.7452,3.7277,0.3,2018.0,0.00848069771797011,84.0
2018 50,3.7696,3.7641,3.7772,3.7609,0.41,2018.0,-0.00039792020373519144,97.0
2018 51,3.7681,3.7746,3.7815,3.7637,0.11,2018.0,0.003423476022398564,62.0
2018 52,3.781,3.7783,3.7862,3.7769999999999997,0.32,2018.0,-0.0070087278497751315,91.0
2019 01,3.7545,3.7621,3.7746,3.7351,0.55,2019.0,-0.012331868424557246,92.0
2019 02,3.7082,3.71,3.7119999999999997,3.693,0.09,2019.0,-0.00450353271128856,92.0
2019 03,3.6915,3.6911,3.6994,3.6867,0.47,2019.0,0.0010835703643505834,61.0
2019 04,3.6955,3.6966,3.7060000000000004,3.6886,0.31,2019.0,-0.004194290353132124,61.0
2019 05,3.68,3.6801,3.6835,3.6723,0.33,2019.0,-0.010489130434782612,31.0
2019 06,3.6414,3.6395,3.6458,3.6308,0.33,2019.0,0.0024166529356841604,30.0
2019 07,3.6502,3.6527,3.6660000000000004,3.6372,0.36,2019.0,-0.008520081091446974,50.0
2019 08,3.6191,3.6229,3.6361,3.6145,0.26,2019.0,0.003619684451935612,31.0
2019 09,3.6322,3.6258,3.6348,3.6214,0.31,2019.0,-0.0006607565662684056,34.0
2019 10,3.6298,3.6310000000000002,3.6362,3.6208,0.52,2019.0,-0.0016254339082043545,56.0
2019 11,3.6239,3.6302,3.6323,3.6181,0.26,2019.0,-0.0017108639863130382,72.0
2019 12,3.6177,3.6083,3.6233,3.6004,0.41,2019.0,0.00406335517041212,70.0
2019 13,3.6324,3.6336,3.6401,3.6229,0.34,2019.0,-0.003000770840215772,107.0
2019 14,3.6215,3.63,3.6328,3.6186,-0.03,2019.0,-0.010769018362556948,52.0
2019 15,3.5825,3.5846,3.59,3.577,0.09,2019.0,0.002651779483600958,41.0
2019 16,3.592,3.5952,3.5977,3.5914,0.6,2019.0,0.009743875278396263,79.0
2019 17,3.627,3.6294,3.6379,3.6233,0.56,2019.0,-0.00518334711883095,37.0
2019 18,3.6082,3.6210000000000004,3.6234,3.6074,0.17,2019.0,-0.0052380688431904465,97.0
2019 19,3.5893,3.5917,3.5944,3.5829,0.15,2019.0,-0.00415122725879713,70.0
2019 20,3.5744,3.5777,3.5838,3.5697,0.43,2019.0,0.01225380483437788,63.0
2019 21,3.6182,3.6202,3.6244,3.6081,1.08,2019.0,0.0032889281963408568,86.0
2019 22,3.6301,3.6314,3.6373,3.6233,0.51,2019.0,-0.003553621112366123,111.0
2019 23,3.6172,3.6247,3.6377,3.6085,0.16,2019.0,-0.003925688377750647,37.0
2019 24,3.603,3.5977,3.61,3.5928,0.33,2019.0,0.0029975020815986575,43.0
2019 25,3.6138,3.6085,3.6415,3.6046,0.69,2019.0,-0.0045104875754052864,44.0
2019 26,3.5975,3.6168,3.6168,3.5971,0.01,2019.0,-0.0046977067407922846,52.0
2019 27,3.5806,3.5814,3.5869999999999997,3.5666,0.39,2019.0,-0.0033793219013573683,41.0
2019 28,3.5685,3.5746,3.5810000000000004,3.5669999999999997,-0.0,2019.0,-0.005716687683900767,51.0
2019 29,3.5481,3.5506,3.5543,3.5410000000000004,0.17,2019.0,-0.003212987232603215,32.0
2019 30,3.5367,3.5395,3.5466,3.5260000000000002,0.31,2019.0,-0.004721915910311902,37.0
2019 31,3.52,3.5225,3.5296,3.5176,0.58,2019.0,-0.009517045454545459,28.0
2019 32,3.4865,3.4906,3.5024,3.4814,0.05,2019.0,0.01577513265452457,47.0
2019 33,3.5415,3.5402,3.5508,3.5349,1.04,2019.0,-0.003811944091486663,32.0
2019 34,3.528,3.5435,3.5545,3.522,0.12,2019.0,0.00028344671201807614,58.0
2019 35,3.529,3.5308,3.5382,3.522,0.29,2019.0,0.00300368376310578,63.0
2019 36,3.5396,3.5408,3.5519,3.5371,0.28,2019.0,0.0006215391569668327,43.0
2019 37,3.5418,3.5455,3.5533,3.5376,0.52,2019.0,0.0006211530860014136,34.0
2019 38,3.5439999999999996,3.5478,3.5612,3.5423,0.44,2019.0,-0.008888261851015655,25.0
2019 39,3.5125,3.5196,3.5247,3.5119,0.24,2019.0,-0.005864768683274124,31.0
2019 40,3.4919,3.4949,3.5065,3.4841,0.23,2019.0,0.00532661301870041,24.0
2019 41,3.5105,3.5126,3.515,3.498,0.87,2019.0,0.008403361344537785,20.0
2019 42,3.54,3.5398,3.5496,3.5309,0.31,2019.0,0.0,12.0
2019 43,3.54,3.5431,3.5460000000000003,3.5313,0.3,2019.0,-0.002683615819209062,29.0
2019 44,3.5305,3.5339,3.5401,3.5252,0.18,2019.0,-0.005636595383090137,42.0
2019 45,3.5106,3.5257,3.5336,3.5096,0.17,2019.0,-0.0027060901270438142,24.0
2019 46,3.5011,3.5037,3.522,3.4977,0.27,2019.0,-0.009082859672674304,113.0
2019 47,3.4693,3.4733,3.4787,3.4603,0.19,2019.0,0.0018159282852447944,18.0
2019 48,3.4756,3.4771,3.4839,3.4685,0.33,2019.0,0.0019277247094027228,43.0
2019 49,3.4823,3.4848,3.4921,3.4729,0.28,2019.0,-0.00020101656950866076,30.0
2019 50,3.4816,3.4806,3.4859,3.472,0.3,2019.0,0.0038200827205883137,21.0
2019 51,3.4949,3.4974,3.5061,3.4878,0.36,2019.0,-0.0061232081032360774,19.0
2019 52,3.4735,3.4761,3.4804,3.4726,0.03,2019.0,0.001727364329926484,30.0
2020 01,3.4795,3.4606,3.4828,3.4539999999999997,1.0,2020.0,-0.0014369880729989681,25.0
2020 02,3.4745,3.4793,3.4873,3.4703,0.21,2020.0,-0.002791768599798572,18.0
2020 03,3.4648,3.4658,3.4753,3.4622,0.1,2020.0,-0.0014430847379357514,36.0
2020 04,3.4598,3.4610000000000003,3.4668,3.4536,0.14,2020.0,-0.0008671021446327032,25.0
2020 05,3.4568,3.4592,3.4657,3.4527,0.09,2020.0,-0.003153205276556381,37.0
2020 06,3.4459,3.4484,3.4546,3.4410000000000003,0.15,2020.0,-0.004469079195565717,53.0
2020 07,3.4305,3.4334,3.4388,3.4210000000000003,0.46,2020.0,-0.0016324150998395792,35.0
2020 08,3.4249,3.429,3.4409,3.4218,0.15,2020.0,0.011854360711261558,34.0
2020 09,3.4655,3.4585,3.4941,3.455,0.68,2020.0,0.005280623286683106,31.0
2020 10,3.4838,3.4831,3.4969,3.4787,0.96,2020.0,0.05183994488776622,12.0
2020 11,3.6644,3.6544,3.6978,3.6442,2.54,2020.0,0.04101626459993457,20.0
2020 12,3.8147,3.8193,3.8875,3.7669,2.83,2020.0,-0.030461110965475657,7.0
2020 13,3.6985,3.6894,3.7201,3.6093,2.59,2020.0,-0.018169528187102935,14.0
2020 14,3.6313,3.6173,3.6623,3.6119,1.64,2020.0,-0.012337179522485031,14.0
2020 15,3.5865,3.6363,3.6381,3.58,0.14,2020.0,0.004879408894465254,14.0
2020 16,3.6039999999999996,3.6056,3.6179,3.5844,0.56,2020.0,-0.012291897891231862,21.0
2020 17,3.5597,3.589,3.5931,3.5454,-0.06,2020.0,-0.015226002191195853,19.0
2020 18,3.5055,3.5212,3.5236,3.4994,0.6,2020.0,0.006418485237484006,18.0
2020 19,3.528,3.5313,3.5436,3.511,0.64,2020.0,0.0036281179138322184,14.0
2020 20,3.5408,3.5460000000000003,3.5617,3.5268,0.51,2020.0,-0.0029936737460460883,21.0
2020 21,3.5302,3.5375,3.5505,3.5205,0.28,2020.0,-0.0012463883066115011,23.0
2020 22,3.5258,3.531,3.5343,3.515,0.31,2020.0,-0.009217766180724896,18.0
2020 23,3.4933,3.5087,3.5178,3.4894,0.37,2020.0,-0.005238599604958094,19.0
2020 24,3.475,3.4692,3.4873,3.4544,0.89,2020.0,0.0004316546762590523,20.0
2020 25,3.4765,3.4782,3.5038,3.4757,0.04,2020.0,-0.010786710772328623,18.0
2020 26,3.4389999999999996,3.4506,3.4618,3.435,0.35,2020.0,0.006833381797034077,27.0
2020 27,3.4625,3.4641,3.4729,3.4475,0.58,2020.0,-0.0015018050541515393,17.0
2020 28,3.4573,3.4583,3.469,3.448,0.61,2020.0,-0.003239522170479847,25.0
2020 29,3.4461,3.4569,3.4611,3.4353,0.59,2020.0,-0.0066161748063028325,13.0
2020 30,3.4233,3.4348,3.4378,3.4213,0.13,2020.0,-0.002891946367539977,25.0
2020 31,3.4134,3.4155,3.4219,3.4097,0.09,2020.0,-0.00011718521122627834,23.0
2020 32,3.4130000000000003,3.417,3.4299,3.4022,0.24,2020.0,-0.00032229709932618533,19.0
2020 33,3.4119,3.4138,3.4207,3.4025,0.19,2020.0,-0.002637826431020951,34.0
2020 34,3.4029,3.4047,3.4148,3.4011,0.08,2020.0,-0.00044080049369643604,32.0
2020 35,3.4014,3.4027,3.4074,3.3991,0.01,2020.0,-0.009878285411889287,41.0
2020 36,3.3678,3.3658,3.3758,3.3621,0.38,2020.0,0.02749569451867684,21.0
2020 37,3.4604,3.4234,3.4695,3.4162,1.14,2020.0,-0.006906715986591094,12.0
2020 38,3.4365,3.4585,3.4658,3.4285,0.17,2020.0,0.012338134730103256,13.0
2020 39,3.4789,3.4781,3.4908,3.4625,1.07,2020.0,-0.0044266865963379365,8.0
2020 40,3.4635,3.4815,3.4859,3.4581,0.2,2020.0,-0.012386314421827582,12.0
2020 41,3.4206,3.4335,3.4341,3.4025,0.44,2020.0,-0.009442787815003184,17.0
2020 42,3.3883,3.3936,3.4016,3.3807,0.35,2020.0,-0.001682259540182418,16.0
2020 43,3.3826,3.3845,3.3928,3.3758,0.21,2020.0,0.009519304676875784,14.0
2020 44,3.4148,3.4179,3.4264,3.4037,0.75,2020.0,-0.0014642145952910024,20.0
2020 45,3.4098,3.4164,3.4267,3.3991,0.12,2020.0,-0.009032787846794732,6.0
2020 46,3.3789999999999996,3.3813,3.3887,3.3745,0.32,2020.0,-0.0043799940810890226,13.0
2020 47,3.3642,3.3675,3.3712,3.3503,-0.06,2020.0,-0.00540990428630872,23.0
2020 48,3.346,3.3485,3.3545,3.3338,0.19,2020.0,-0.012313209802749525,23.0
2020 49,3.3048,3.3168,3.321,3.3019,0.13,2020.0,-0.014433551198257177,9.0
2020 50,3.2571,3.2688,3.2799,3.2506,0.09,2020.0,0.0005833410088729174,8.0
2020 51,3.259,3.261,3.2646,3.2508,0.14,2020.0,-0.003682111077017547,9.0
2020 52,3.247,3.2496,3.2615,3.2372,0.37,2020.0,-0.0085309516476747,19.0
2020 53,3.2193,3.2214,3.2247,3.2129,0.11,2021.0,-0.00316839064392882,15.0
2021 01,3.2091,3.2129,3.217,3.2024,0.19,2021.0,0.01810476457573773,13.0
2021 02,3.2672,3.1861,3.2871,3.1856,2.66,2021.0,0.001714005876591651,10.0
2021 03,3.2728,3.2749,3.299,3.2652,0.61,2021.0,0.002383280371547336,12.0
2021 04,3.2806,3.2829,3.3019,3.2727,0.48,2021.0,0.005334390050600435,13.0
2021 05,3.2981,3.3006,3.3139999999999996,3.2942,0.49,2021.0,-0.012431399896910333,15.0
2021 06,3.2571,3.2892,3.2934,3.2531,0.27,2021.0,0.004236897853919119,12.0
2021 07,3.2709,3.2729,3.2789,3.2615,0.77,2021.0,0.011709315478920068,17.0
2021 08,3.3092,3.2961,3.3160000000000003,3.2905,0.98,2021.0,0.005802006527257264,20.0
2021 09,3.3284,3.318,3.3335,3.3108,0.39,2021.0,0.004326403076553298,13.0
2021 10,3.3428,3.3437,3.3455,3.3214,0.58,2021.0,-0.010769414861792503,15.0
2021 11,3.3068,3.3235,3.3283,3.3038,0.36,2021.0,0.00695536470303626,13.0
2021 12,3.3298,3.3283,3.3358,3.3201,0.55,2021.0,0.002162292029551205,7.0
2021 13,3.3369999999999997,3.342,3.3538,3.3312,0.12,2021.0,-0.008330836080311488,10.0
2021 14,3.3092,3.3311,3.3311,3.3063,0.25,2021.0,-0.005016318143357901,12.0
2021 15,3.2926,3.2952,3.3093,3.2887,0.14,2021.0,-0.008655773552815438,23.0
2021 16,3.2641,3.2796,3.2832,3.2571,0.49,2021.0,-0.004564811127110047,27.0
2021 17,3.2492,3.255,3.2589,3.2441,0.32,2021.0,0.004985842668964624,20.0
2021 18,3.2654,3.2659,3.2717,3.2585,0.37,2021.0,0.007196668095792225,37.0
2021 19,3.2889,3.2899,3.3023,3.2798,0.92,2021.0,-0.0034966098087505504,118.0
2021 20,3.2774,3.2792,3.2865,3.2708,0.41,2021.0,-0.00906206139012633,77.0
2021 21,3.2477,3.2552,3.2647,3.2466,0.21,2021.0,0.002093789450996031,31.0
2021 22,3.2545,3.2564,3.2634,3.2486,0.26,2021.0,-0.0011061607005684593,31.0
2021 23,3.2509,3.2512,3.2576,3.2434,0.31,2021.0,0.007997785228705867,34.0
2021 24,3.2769,3.2692,3.2824,3.263,0.51,2021.0,-0.0038145808538556647,37.0
2021 25,3.2644,3.2786,3.2858,3.2608,0.17,2021.0,0.0009190050238940817,17.0
2021 26,3.2674,3.2689,3.2762,3.265,0.33,2021.0,0.0033971965477139765,24.0
2021 27,3.2785,3.28,3.2854,3.2706,0.37,2021.0,0.002592649077321818,23.0
2021 28,3.287,3.2845,3.2924,3.2762,0.44,2021.0,0.0034073623364769823,17.0
2021 29,3.2982,3.2985,3.3038,3.2877,0.34,2021.0,-0.013219331756715857,21.0
2021 30,3.2546,3.2724,3.2744,3.2545,-0.0,2021.0,-0.009309899834081037,18.0
2021 31,3.2243,3.2288,3.2352,3.2149,0.37,2021.0,0.001457680736903999,26.0
2021 32,3.2289999999999996,3.2306,3.2334,3.2192,0.24,2021.0,0.0055744812635492025,8.0
2021 33,3.247,3.2482,3.255,3.2366,0.47,2021.0,-0.006867878041268871,24.0
2021 34,3.2247,3.2387,3.2409,3.2227,0.28,2021.0,-0.0033491487580239454,22.0
2021 35,3.2139,3.2202,3.2268,3.2137,-0.01,2021.0,-0.003111484489249916,26.0
2021 36,3.2039,3.2062,3.2129,3.2017,0.09,2021.0,0.0027466525172445966,48.0
2021 37,3.2127,3.2138,3.2183,3.2045,0.33,2021.0,-0.0004046440688517672,29.0
2021 38,3.2114,3.2125,3.2183,3.2064,0.17,2021.0,0.0037678271158996246,21.0
2021 39,3.2235,3.2247,3.2352,3.2139,0.31,2021.0,0.003319373351946542,21.0
2021 40,3.2342,3.2377,3.2538,3.2304,0.28,2021.0,-0.001205862346175146,26.0
2021 41,3.2303,3.2329,3.2375,3.225,0.12,2021.0,-0.0041482215274124545,17.0
2021 42,3.2169,3.2213,3.2303,3.2157,-0.05,2021.0,-0.005502191550871949,18.0
2021 43,3.1992,3.2081,3.2129,3.1982,-0.04,2021.0,-0.021036509127281833,12.0
2021 44,3.1319,3.16,3.1618,3.1151,0.59,2021.0,-0.00478942494971113,23.0
2021 45,3.1169,3.1208,3.1272,3.1126,0.31,2021.0,-0.004940806570631007,13.0
2021 46,3.1015,3.1081,3.1119,3.1006,0.4,2021.0,0.028083185555376478,18.0
2021 47,3.1886,3.1611,3.1978,3.16,1.44,2021.0,-0.008342219155742403,23.0
2021 48,3.162,3.1860000000000004,3.1874,3.1541,0.41,2021.0,0.0009171410499684285,30.0
2021 49,3.1649,3.1672,3.1827,3.1525,0.14,2021.0,-0.009257796454864131,24.0
2021 50,3.1356,3.1384,3.1431,3.1182,0.84,2021.0,0.010301058808521502,23.0
2021 51,3.1679,3.1693,3.1736,3.1555,1.37,2021.0,-0.014773193598282663,
2021 52,3.1211,3.1535,3.1535,3.1089,0.7,2021.0,-0.004165198167312867,
2022 01,3.1081,3.1112,3.1148,3.0859,0.11,2022.0,,
